{
  "project_info": {
    "project_number": "801305577715",
    "firebase_url": "https://ocr-technology.firebaseio.com",
    "project_id": "ocr-technology",
    "storage_bucket": "ocr-technology.appspot.com"
  },
  "client": [
    {
      "client_info": {
        "mobilesdk_app_id": "1:801305577715:android:08ae3325b6e1308efb0f86",
        "android_client_info": {
          "package_name": "com.example.ocr"
        }
      },
      "oauth_client": [
        {
          "client_id": "801305577715-uvak78deud3666g5r3vh9j2s1ab0j28s.apps.googleusercontent.com",
          "client_type": 1,
          "android_info": {
            "package_name": "com.example.ocr",
            "certificate_hash": "2aab0caceba68ed5a5b4ec6ba5779230a7e7f691"
          }
        },
        {
          "client_id": "801305577715-a3soro80mnm4h59fvhvp8voduacp5f7n.apps.googleusercontent.com",
          "client_type": 3
        }
      ],
      "api_key": [
        {
          "current_key": "AIzaSyB45oddDrSYE7b4XLWAC8ODbGANfQ2D8PM"
        }
      ],
      "services": {
        "appinvite_service": {
          "other_platform_oauth_client": [
            {
              "client_id": "801305577715-a3soro80mnm4h59fvhvp8voduacp5f7n.apps.googleusercontent.com",
              "client_type": 3
            }
          ]
        }
      }
    }
  ],
  "configuration_version": "1"
}